"stress1","stress2","stress3","exhaust1","exhaust2","exhaust3","quality1","quality2","quality3"
-1.69052403778686,-0.641432268906388,-1.25793548763232,-0.409623386498135,0.435604289482783,0.211924461396649,-0.959622672374504,0.156552857802276,0.281931604613272
-1.45517565716504,-0.53072439017325,-0.214571707183847,1.07555612383121,1.78726902154299,1.29885524097456,0.918008200550467,0.565543034505875,-0.127252852523621
-0.135351234503815,0.639348651262844,0.145103345988027,0.471009507970397,-0.155149156657544,-0.727122653064647,0.226472991714575,0.241971249672513,-0.0918669198371952
0.295138445956989,-0.660890417497308,-1.68814540781821,-1.13016902593606,-1.08490745910989,-2.23631354107254,0.318043879027472,0.20401288192506,0.650335172299236
-0.0722553119761069,0.339698597222323,-0.285291646350041,-0.109926868093622,0.977920454427582,-1.03560940090949,-0.018136201713059,-0.606980374031078,-0.802523003033627
-0.181943675843759,-1.42308451582364,0.436511203990629,-0.0415709094812076,-0.428465410727071,-0.0325612332450493,0.0473109504001897,0.0458164460543565,0.595577419526328
0.785779997539587,0.973489223577369,0.166261966255424,-0.0822205819578247,-0.370865007188153,-2.60186330668968,1.19323005602169,0.572060060753394,0.129633154760141
-0.685432265686316,-1.62766683700714,-1.07703499171165,-0.609620679984791,2.04225488829666,-0.928312690245845,-1.58662490896337,-1.62114464339616,-1.55382063286862
-0.906190775956595,-0.575893460045783,-0.0648200545420918,0.110179432554203,0.0140198632359922,0.715617213612664,-0.306678953397071,-0.580148304226515,0.118047312635843
0.345924668275594,1.30473862188092,0.349792714949374,0.127946030718281,-0.134710472531684,0.431329658165423,0.932352918842875,1.85301876100564,0.876525820955795
1.37224912354435,1.26505515218544,1.15354925247997,0.834279331435236,-0.759945579180819,0.195971704034217,0.543253722761742,0.0930886477237273,0.943222794307506
0.842776576115174,1.21786849386541,1.28060402782004,0.0834149095061364,1.57821068582037,1.13491157553805,-1.58986790987303,-2.50090883957841,-1.62690766568586
0.480648510220009,1.288276425093,0.56865313554477,-0.425441320809904,-0.535353831267796,-1.33631469800084,-0.0154116566461415,0.0453862227593138,0.395763721179887
0.734233900623219,-0.671633618506795,0.856672711965809,-0.243041172345097,-0.358343190166629,-1.65785919517398,0.425164620312413,1.2113071756649,1.72761114402868
0.71479285975377,-0.647186601752958,-1.25788068671222,-1.65404358560272,-0.649392430925089,-1.78665431230981,-0.607152615540489,-0.393453610342534,0.221446664135042
0.266646771758323,-1.16911358725297,0.399898309998522,0.983839704871501,-0.242717441532436,1.00603400643437,0.328356990477059,0.910951856936426,0.989524327883549
0.825937001567704,1.33585260077314,0.0727188071021209,-0.201838945380603,-0.84307481742516,-0.786551696176436,1.36917462331794,0.836210385465334,1.10461431865999
0.151497555860559,0.0810867817346718,-0.48915496503447,-0.548262801871467,-0.247549549828622,-0.429976911961567,-0.0959832710386327,0.272381028155972,0.591527625027662
-1.65968865400099,1.21758475642839,-1.2211160960961,1.70748081474354,0.735859799781954,0.813906920661318,-0.547077100464404,-2.3125827428243,-1.42037047071721
-0.409480005896352,-0.809097090125255,-0.625182387297632,-1.86676342034431,-1.44511092541306,-1.5018968292772,1.59653021346684,2.21647968704287,1.69441381162182
-0.636075830470528,-0.265083267534649,-1.55120296307372,0.351158826836629,-0.045298715928108,-1.31827051191422,-0.232162582010479,0.748136797017811,0.25321010248424
0.527874758909422,-0.758131648283927,-0.408446359536402,-1.05362321528704,-1.15268118160908,-1.27641875450643,0.625311394105528,0.329344940984194,1.19981064441192
-1.82912843847086,-0.944710120502335,-2.41545061112663,-1.68414430059632,-1.61740759479575,-1.73880666770634,0.0998520637546336,0.728395351758975,1.4865493407222
-0.810687648951784,-0.604725825542397,0.0725024180997249,-1.5929331043031,-0.687233853829595,-2.16384822392363,-1.57334408095934,-1.02442146037154,0.168799420128733
-0.0140669882729278,0.466094578600391,1.28320392342521,0.732007021750969,0.156094936337557,0.316789059479774,0.497117079386826,-0.647141996482542,0.756352598216284
1.95900492012573,0.895389399983575,1.27933967486629,-0.579041967063568,0.690439855657629,0.429349919262988,-2.23666063020944,-0.445102933684849,-0.0979659184672448
-0.54746563453682,0.582746278263441,-0.0773438410293549,1.94978806486196,-0.188818344603785,0.520153243496402,0.378002238466679,-0.243581036607552,-0.357643127028246
-0.214395242868023,-0.867390970127371,0.62602236917654,-1.04317936258793,0.787687802390247,-0.247361576475577,-0.600430916371546,-0.990996408880187,0.646127401806376
-0.65551417172464,0.0880038938764137,0.308809220165223,-0.384727111051891,0.147248409097295,-0.277229006897284,0.00199503580372062,2.35358863465218,0.0844872940689615
-0.802140442718681,-1.01822911373481,-1.98134328878204,-0.183616879972233,-0.881265382447528,0.653445200569291,-0.826194887919756,0.000553255195331226,-0.683351566221348
-0.660040749280457,1.19741932794405,-0.745583216179927,0.290613320347762,1.0887047976943,0.245906083444946,-1.7206609543002,-1.96773674610523,0.435583599809681
-1.82029846840739,0.545697198828547,-1.32155952015036,-0.694989285121274,0.160388111791047,-0.549122369332005,2.43140144040836,1.19288135699325,0.928464389429641
0.14995378494426,0.745816148368094,1.30184139963604,-0.213290342529942,1.1671333954267,0.540920009529887,0.0187124613354734,-0.598777796017702,-0.0586656930014264
0.000139115737929463,0.0699497268650502,-1.12928237284391,-1.3107626888369,-0.76525979476428,0.580458478747871,0.536534275900328,-0.108830781239341,0.192283053607939
-0.213159891482304,0.339386827349684,0.96926518536527,-1.35432242412492,0.852977806172161,0.0921647453166093,1.39530209263384,0.57839606563034,-0.00849065072483818
0.470423520496977,1.11781757264816,1.80171735668259,0.54409614071966,0.260961617409908,-0.433588719996649,-1.48505570462747,-0.736910245954205,0.350363950261302
-0.206150198379253,-0.285570558006794,-0.435658200953887,-1.37483533242889,-1.24089004997308,-0.273610097256656,-0.260863309637897,-1.2718062988152,0.864307990344001
0.353183035739274,0.0694869887144263,0.996681828197458,1.40094169532684,0.488793139018148,0.158307959757578,-0.426657281914658,1.06068024690255,-2.02292418448158
0.246272762051987,-0.120390933718128,1.01482615793505,-1.00566868372994,-0.948587636773093,-0.101407258472674,1.01293128247594,2.15618926137201,1.53121874370702
-0.266745350296589,-0.516582326891859,-1.29559078133404,-0.195886062859078,-1.5256042915667,-0.644316531670173,-0.490232849317584,-0.601790398205363,-0.790030759543161
-0.32427552108002,-0.0701544654738168,-0.900455498744777,-1.66794395113182,-1.29186353162857,-1.44965747942982,1.66721956501096,0.70325440660381,1.73831887447478
-0.316491364945565,0.401499126408273,0.631990549766519,-0.618866846169463,-0.0183331680016593,-0.20169871776131,0.964806296025961,2.28678247341708,2.20868524912121
-0.324555285665961,0.799282182133901,0.0383987388566202,1.41224429312481,1.93978583273457,0.533920371768846,0.575492837879774,-1.24271548675663,0.807412628566976
-0.909199975109446,-0.395623680902936,0.745456521581426,-0.405524119309857,-0.503764422704211,-0.17615206610477,0.860534692077077,0.64000007174729,-1.03360835923629
1.83354288436012,-0.327930034678396,1.17322474121729,0.856170278122937,1.16157581371192,0.355040163744776,-0.690574365598133,-1.64363059724938,-0.289022758545878
0.073769165136767,-1.2130567494685,-1.54491388236412,-0.68857857395238,-0.943772102529178,-0.0149984484722763,0.426085928691346,-0.851183920340799,1.18041310104309
-0.364185947433041,0.804316484828918,0.256296611581428,-0.065541916286869,-0.174850214652945,-1.27147775519476,-0.26521443417611,-0.932206269211277,-0.30037564390378
1.21111239937194,-0.234516860648809,1.04147615589727,0.687308692516558,-1.64321906614269,0.440828242228881,0.566247817803552,0.0265158775545348,-0.458166469039642
-0.250615916511368,0.851553618001806,-1.46303938680261,-0.465263759658445,-0.478863983299351,-2.13223810411329,-0.399029827805661,-0.437217882680632,-0.263630400141131
-0.371781552147477,-0.970422885094687,-0.0350776473279261,1.42238366226208,1.03478328781612,-0.363613489578733,-0.629644462753793,1.49127033887329,0.991626369125704
-0.963756179695859,0.389607784704179,-0.736770911597832,0.0961983544051739,-1.26562702545771,1.00399333400149,0.033611039328458,0.350030896682909,-0.689773351984689
0.0920316367551066,-0.315771350215201,0.579770733959212,0.859503872183228,0.0789996840658611,0.521033791025097,1.44474244408466,-0.929212222799988,1.09351036499711
-1.16092484097599,-1.82317261089586,-1.59923034844206,-0.336918949791604,1.04773739025566,1.19840330027875,-1.61617585691526,-0.274539153251728,-1.36193384075963
-0.379153630499936,-0.938929029955255,-1.36419448974583,0.677254807895659,-2.0672966801975,-0.383939709692135,1.31630145693683,-0.3933915939243,1.43786981466958
-1.10982499558905,0.222901709708941,-0.739846727093533,0.107272610189219,1.62924642787863,-0.469807810277921,0.317812637937257,1.09115666463552,0.577231502967714
-0.31277807617567,-0.400167315924326,-1.04813352900752,-2.20332082840437,-1.95845402048984,-0.340608260964131,-0.563611681996401,-0.219265889204616,1.1736856654438
1.03180160013189,-0.296788253510839,-0.697459094161218,0.296278567298917,1.42120504676044,-0.405275980449023,1.770364158237,0.5392298873264,0.427875824630572
1.71418926133811,-0.166445014830164,2.02885540676942,0.0804142449282925,0.555752345003932,0.382077487509988,-0.34080581421536,-0.450468484432179,-0.86064107497724
1.56498739735607,1.02804451140822,2.24636033684162,1.08276291373308,0.125579031577687,-0.256195644566239,-1.01621587301654,0.692246032332524,0.893285597969122
-0.229988281105234,-0.18292420712182,0.317680424640723,-0.265317402432264,-1.62474525481197,-0.102484000713693,-0.363547398301477,1.11163137554398,0.473800952312941
0.194356864022296,0.792772550844256,-0.190829848059178,-0.0745918001222257,-0.388613600868371,0.234919405384308,0.905596679435346,0.958149822268597,0.620132547004973
-0.308338124700937,-1.84830974326157,0.0121578383317383,-1.23873695934394,-0.31572384018622,-1.13031275984712,-0.405077005882752,0.271074166578586,-0.104279822083454
-1.00651247605879,-0.756318856787753,-0.00459477721525747,0.744743304448182,0.74691040954582,1.30205334677006,-0.00952267945524587,0.111782168437691,-0.390080418347359
-1.41807111979745,-0.5908989230182,-1.51948827308642,-1.82666482145477,-0.243409906687682,-0.867978241389537,2.50919190905665,1.62173219208139,0.371247785150696
-0.960172185368038,-0.961671013650895,0.630211670542076,1.82927045660882,1.47937070855169,1.1407928715742,-0.034526275938801,-0.314001626288064,-0.856373373326405
1.89464018381165,1.64597777791098,2.26871412031836,1.79243139492358,3.12006769682645,0.659339073466445,0.454743524830455,-1.49787825565097,-0.446795253199358
0.341818729188184,1.29979073051372,0.044835507131435,-0.0422681400169709,-0.732833965466683,-1.36592757759054,-0.662464504488448,-1.60897603106505,-1.59187889474447
-0.00183438228199811,-0.0263248577086871,1.08004853407435,0.249341553521283,-0.685723775145241,-0.566170433073463,0.417472181326807,0.0892254004680654,-0.71222609468261
-2.00516261518874,-1.07408872179322,-1.92746662085928,-3.04573983782851,-1.91050029989738,-0.896654501350143,-0.146205909396139,-0.127333967475811,0.192482571024899
0.997306851021483,1.04285927383717,-0.540285774381932,-1.11913880319657,0.795908081732234,0.12076760475503,-0.57596857311803,-1.19799858601797,-0.267287954317019
0.550231498562751,-1.2397203107267,-0.492703399787461,0.822522811028097,0.788046404792431,1.47352087198918,1.38988722702096,0.462861927420721,-0.201439260984917
-0.357203395248803,0.191068712831137,0.567712175568439,-0.539530473819463,1.03748975456096,0.320221226862664,-0.447563730125562,-0.723573394263523,-1.28924768153779
1.51907550316428,-0.521067849175396,-0.94299217917833,0.208108911895378,1.19654640229308,1.10415297443646,-0.319825227013691,-0.296399638163878,-0.456063252171828
1.68831839462725,1.20133353907689,3.72173729850699,1.87728661067829,0.561579638046866,1.300781065147,-0.878727741946896,0.0934773382391113,-1.4232132726845
0.313265964465535,1.87558460271115,-0.139575313689238,-0.455074580015849,-0.191355259992821,0.91904147773335,0.73599422958955,0.181764760709592,1.26230125053873
-0.407033252112336,-0.323940076384938,-0.25619918053991,-0.802870068816045,-2.21796058475712,-1.7880592673219,0.240660610112283,-0.303436040940683,0.102008164418399
1.15747770547403,1.12575489539192,-0.44606559548786,0.0454931416596808,0.705875673399377,-0.350369891276931,-0.172540119562408,0.562534353520248,0.449105285709117
0.482467106980532,-0.925961127004188,-0.995032558507736,0.0647211370512061,-2.1846879349943,-1.27412304626538,3.39148340179706,-0.266703281036353,1.78407551391091
0.181485623640861,1.39784743351168,0.530612664862964,0.600194529001241,2.13811788475129,-0.226267328697334,-0.847539506973809,0.74557216760007,-0.394980403062125
-0.068496381723448,0.981299276886041,0.0979502602192494,0.0568662710181694,1.04999536115599,0.546862768037663,-0.599120023376011,-1.18028571166313,-0.331453841981168
-1.44020870591457,-1.44792240740333,-0.525851512266631,1.3866507912108,1.81781467111456,1.16560840271401,-1.37313324673165,-1.17837326212439,-0.521793553758314
-1.19718616538183,-1.38738924796391,-1.90836769151383,-0.13168910470162,0.158657674280243,-0.493008531490294,2.55565820367635,1.03105657822617,0.333887787777601
-0.622503321095894,0.580725766510127,-0.664720524326791,-0.106248043909035,-0.101156344397894,0.743947297815597,1.32673611311959,-0.659917626268797,0.0461666527933241
1.28842582133068,1.81772238771603,1.68071146980512,-0.346889451571433,-0.407575793102679,-1.68175871714127,-0.198992498881885,-1.14679585984424,-2.24885845187647
1.22349168917224,-0.356214792490838,-0.0521772834807442,0.188934189132387,-0.0157069523988938,-0.900923144786972,0.269940941848752,0.126418878372268,0.928762660044215
-1.1198069916444,0.255166892430077,-1.85762228650417,-1.38282819890362,-0.16351176522641,0.58832698480898,-0.47375320139477,-0.70953071962872,-2.13821622633604
0.103873934260958,-1.20704182491676,-0.72086940485658,-0.9466102415137,-1.0131987511967,-1.04704500853931,1.64604674823699,0.368761914756043,1.12924190180143
-1.07424579286691,-0.0204594494330986,-1.23638202654946,1.78252848711774,0.163941308951605,1.37782494655114,-0.566765334996612,-1.43298324930278,-1.86294550962481
-0.678702433637981,-0.793428531123125,0.44391006664261,1.5613540642364,0.463555867432916,1.05964305213059,-0.692904678002487,-0.354105731265112,-1.35167429921426
-0.234112054502697,-1.15059682020848,0.0431606279770889,0.00750724569512773,-1.43274937154399,-0.398585421181962,-0.292954302641131,0.348486204956043,0.00601448146000066
0.503125749537936,-1.27908099517249,-0.00674989786758595,-1.70097079076221,-1.766821525893,-0.10394718117599,-0.691619620545672,0.749060765007739,-1.20373663831641
0.635821477025604,0.182502382351377,0.0942514628698667,-1.16849476060069,-0.999535479114012,-0.597639770254436,-0.21358113996529,1.7863971581298,-0.239258635997436
-0.582583896143764,-1.55688547948651,-2.22424268136397,-1.34271230805542,-0.314886885554616,-1.47479929873197,1.16978166090529,2.34273795210849,2.59231208447208
-0.855487494547636,0.280866146367863,0.522009610607516,0.411777995245182,-1.58070994831632,-0.65631203776189,0.727253668595126,0.41158101979568,-0.572192567624519
0.61708532512821,-0.0391339900215883,0.73339096606363,0.211505150928005,0.61193930517193,-0.290943520684847,-0.470309015365301,-1.12291992016001,-0.632255631446725
0.70696885878407,1.30423599991547,-0.217259211997484,0.277628760891228,-0.803798014139482,0.934527683294075,-0.376140358091731,-0.923119535757954,-1.17856739172431
0.497796199515512,-0.542509501074495,-0.170293693495448,2.28355265200915,1.40904598749291,0.332316406816079,0.423931947257149,0.39643248090217,-1.24211311392477
0.486518772304576,0.462903035562099,1.52637294366958,0.908290586841731,1.26323429503665,1.04241894637445,0.116079144417574,-0.658038898395993,-2.24363607924317
0.717249030825576,0.75301989450032,0.456548462358284,1.09242100279701,-0.330297436219752,-0.0345689503251064,-0.506617549238198,-0.0780170480545355,0.602953770263757
-0.922773920686094,-0.424616999204291,-0.29505365677014,0.67858144587007,-1.43669537030769,-1.17295835995121,0.734235569036841,0.705967412265284,-0.980680560832591
0.174119884476315,-1.62439027315703,0.100578347234557,-0.798472774218638,-0.8076604306066,-0.333528393997241,-0.408103922668245,1.14623058401192,0.035693671593245
-1.82419039243423,-1.08929866706858,-0.260209245494698,0.323345108698263,0.890223663878909,0.986555464305876,0.237180943671295,-0.748451174379053,-0.358758304121638
-1.02262851710454,-0.173407031339105,-0.346042748570103,-1.56865949172424,-1.55874672696961,-1.79128205478083,0.214225113987113,0.284833138976663,-1.2583134317182
-0.781689661668435,0.360706840198781,-0.570916516315643,-0.922025512439,-1.64134644581683,0.220627445712786,0.0722701858931752,-1.08061277326377,-0.308596742099927
0.917299962299757,1.05887969732765,1.3917095652678,0.545683035163245,0.203005927425334,1.68055734735699,-0.428970933059331,-0.568770440445425,-0.447287601816866
-0.592529635619871,0.376853542834102,-1.10641105429967,0.882307679721289,0.634790488075367,1.18157646341785,-0.257047409112435,0.394603088422522,-0.408770671862325
-0.0291831799402117,-0.407202651975978,0.102671452247467,1.57150259774176,1.29635815095952,1.19965152930622,-0.92846056114666,-1.56573534707222,-0.928770545623298
-0.453602067358482,0.136668332404541,-0.328127418164689,-0.659670446852655,-2.39613845772648,-0.510825942043619,0.365341985616747,0.249065024222594,0.683767141376975
0.492811920921304,2.27533996676346,1.65812667565038,-0.360622365094407,-0.550089544629174,-1.44896436639309,-0.771037010494684,0.765688022249547,0.12231171888216
-0.790184860080262,-1.72927263546159,0.389326889651562,-0.811826167216272,0.134810274345192,-2.27070548930582,0.794308284678079,-0.355799807963912,-0.156745094886678
0.164140371980215,0.0261304458868981,0.539562216119635,1.35350600387846,0.884009981922386,0.992456545919405,-1.08582959940231,-0.456776032773275,-0.502142753314902
-1.04353630724406,0.171792573632381,-0.53625215025543,0.356913648842685,0.679229384433701,0.624976983617254,0.396436846060491,-0.276805766890273,-1.88487529012811
-0.19049671057013,-0.174820555261041,-0.362182933908849,-0.142766319001988,2.15421058207147,-1.79898682899433,-0.786991563364701,-0.736361492640867,-0.160515748784318
-0.154765085105048,1.04354236463457,-0.634613240256956,1.79071189374873,2.86856647528817,2.67136467815262,-1.76832020096625,-1.12681104419559,-0.496903859592218
-1.67065874013153,0.870298003518015,0.791973386955201,-1.83601181696798,-1.0281264305217,0.520053237423554,-0.640318881808279,-1.81784629747748,0.306140784886494
-1.15698610573939,-2.21927466054751,-0.989105037257821,0.634118212304213,-0.543951319977561,0.242408248577313,0.51375893977143,1.15168463157155,0.0628313476955747
1.90791508468443,0.807716339693786,1.61798328681708,2.58160149973824,2.12696226044478,2.38687041672886,1.03794020860765,1.22362825815848,1.9131227202788
-0.126574163045815,-0.501257109119418,0.306304323358994,-0.757366787341547,0.0561944809667796,0.448984118420106,0.102166229163755,0.966605689888846,-0.561456410631838
0.282700358621994,0.542380955963159,1.74923598515899,-0.804221094148967,-0.329516654052631,0.24726175851665,-0.214270174568667,-1.80953955312306,-0.0285042757389749
-0.984087135438896,2.12695044877878,-0.304025371227241,-0.0631944945758064,0.243738661764752,0.533786300622598,-1.78105898438774,-0.556301189643567,-0.551360011767613
0.569434600088502,-0.42928365939235,0.972266230668836,1.21975369716865,1.00650284853437,-0.310235283741747,-0.195925647296494,1.11892295525987,0.303418871135119
1.59571486818281,0.953770352219996,0.158210991578759,0.919132417681148,1.09664804509942,0.159295194292279,-0.309725749901317,-0.797130505024267,-1.18985874630598
1.50553348102977,-0.990140620608684,1.14077424728096,-0.121529935577888,0.037551933293332,0.652834456466889,0.274428689928272,0.564171939885625,-0.401751246779537
0.466605057599691,1.36196735460962,-0.478706248233519,0.885876268173492,0.943268110370411,1.69341000578207,-0.453331131282499,-0.202482059589178,-1.74941230138611
-0.254193387444939,-0.135581935008418,-0.602958258336392,-0.432692197980269,-0.611211887547674,-0.4851440256205,-0.341530460209877,-0.309431762817088,0.609875365941913
-0.865431342289125,0.402476113008878,1.34232125708097,-0.319310213112266,0.19526783651907,0.888327529872619,-0.505327694058206,-0.303887120403493,-0.743531555817711
1.25469250081303,-0.228530337195399,1.42876788232542,0.537199421023268,-0.853192310360765,0.273308684563409,-1.55253214139175,-2.25330256827467,-0.963305537125399
-0.85315622621447,1.0922288789493,0.884095492891502,-0.86079615155139,0.203448973805926,-0.836469018239694,-0.156219054739841,-0.24311052466944,-0.100212536761763
0.548733436322553,0.378750462810841,0.768254819460237,0.826747931028627,0.541485128217693,1.11199632710788,-0.563368309790578,-1.03851150890244,-1.9292610076553
1.12469671438678,-0.171320347651926,0.433911496468023,-0.568271501831662,-0.978946012341736,0.357692639076618,0.554048028759784,-0.602038207082444,0.0459460689364366
-0.286223863502978,-0.98290330420341,-1.03193935346397,1.18781487013202,-1.67418891298559,0.733684425225957,-0.821734141092575,0.207459083717321,-0.507993656424963
1.14595154147185,0.538010596558055,0.596928108528867,-0.616553290801849,1.01778414093692,-0.938383189043184,-0.38393286515311,0.38992547672597,0.38856649566997
1.29163449189747,0.244924516732923,-0.0427056773035216,0.992272562691201,0.753621587777452,-0.585365104519208,-0.252074338488578,-1.59499906213551,-1.19936477661885
0.0982390195579389,-0.464370555250621,0.260703837649769,1.1351928677074,1.13828515187905,0.643079414713013,-1.54369396084658,-1.95666657830988,-1.8022351357235
0.300310631601299,1.16532870898946,1.33694434947956,1.60168918122904,1.60549094244359,0.103145308111417,0.336777636440004,2.7884078229418,0.42772435354087
-0.735317762659707,-1.19880423773811,-1.10637202381263,-1.64480079170264,-1.5514890697351,-1.09733000733319,1.40719662573574,0.234416640365014,1.03175243737315
0.284958320890406,0.280878048586233,0.533998474071567,0.994393264976778,0.249580029429462,0.477437130794445,-1.38619752283757,-1.35794773113223,-1.81721394956982
-2.11167323194281,-1.05293965616042,-1.0653537543117,0.482491662092289,1.30570819608048,0.835698435452725,-0.814158285019382,1.11009783499042,-0.305177994413186
0.353651337517785,0.979430218277829,-0.49125629854882,-0.475180605697128,0.601223464194408,0.333702129474291,-0.90566179253062,0.188917660866456,-0.603180656180801
-0.259922346596303,0.177190268675738,-1.13690138460159,-0.595988686117082,0.127476956675594,-0.522452863113028,1.67502033743011,0.196872548941568,-0.0308301290153251
2.62426214359899,0.880294735763647,0.5832498265571,0.35029235956771,1.08234737618976,0.960918510846208,-0.431160397511202,0.188672157618423,0.913951066902502
1.63970611703269,1.40088499021987,2.07200901369391,1.25843011066482,1.60727973059524,0.826780304727052,-0.253524598738069,-0.195722106558343,-0.410810403449166
-0.323441542043913,0.622056240399882,-0.753756997603561,-1.20418621078119,-0.78566639459071,-0.745509122520354,0.459033581328811,-0.0837344255588975,0.950284059144573
-0.0372901159785163,-0.239462183057003,-0.571164004392804,0.116508172264037,-0.0997276282866933,-0.589477860635368,1.41875990307298,0.857444334644004,0.581234405634088
0.124509088750375,-0.632624973295217,-1.53567386611339,-1.20651745939273,0.17624063555338,1.07633166851275,-1.39959693929613,-0.763263720828303,-0.238898208372921
-1.61180459630894,1.02135959553073,-0.871037785622246,0.301541997130659,0.852950278447123,1.08472071063463,-0.792969797299377,-0.276506077800139,-0.579021565003709
0.694483813414162,-0.301473773652725,1.04072002013296,-0.0271899683197963,0.844233296631304,0.48306203168627,-0.61322261162543,-1.38956602245766,-1.47125180791056
0.849923057539749,-0.366547531326721,-0.457615685253961,-0.952953461623717,-0.829763171324081,-0.899271405890654,-0.00477583884549593,0.708984426862077,1.26238076043789
0.891348033665605,-0.57616247669147,0.811707518250695,-0.417203950996856,-1.12338830299416,-0.890213449804128,-0.166281012931309,0.844619935297344,-0.0748503257521946
0.388664129209922,0.866216598581297,0.595549929285869,1.25384434549352,0.283186009340041,0.294504339179683,0.0200594927254778,1.31939364534107,0.873450010203018
-0.115843675569391,0.582830875665425,0.0166484508028455,0.418537208813136,1.7865928705812,0.591905685132601,-0.885928284132778,-0.261381133484188,-1.48063324467884
1.27202761139711,1.20563026482897,0.599279588663591,0.680847503282643,-0.702609715797594,0.339154974712146,-0.605480283951055,0.311304636702352,0.842495376381956
-0.222225391227558,-0.0354886691218662,-0.298058050154029,0.232178578615305,0.212003123033528,0.641391855397111,-1.06930554766011,-0.88863306764804,0.378789764264275
1.35603494679412,0.470535750671789,-0.760002293419828,-0.613217079555989,-0.59749114339367,0.718805379468251,-0.134341422558078,-0.241057503257039,-0.838040321208186
0.257656418758162,-0.365601668077411,-0.0847201280422271,0.658501605328049,0.192764255234878,0.206170988307797,0.013861492552164,-0.282137071277025,-0.833294183101452
0.900497596373616,0.0093263825781687,-0.55469616390548,-0.100803686416556,-2.3963768329206,-1.27779911943916,0.634024513784111,0.513744281260691,0.166110267178103
-0.600011257570143,-0.387285397368556,-2.2028551700366,-0.250375204291128,-0.00245695756007072,0.024522353288631,-0.329618000046975,-1.4819340619343,-1.14081658526711
-1.58804001666492,0.361027982388146,-0.26271291941268,-0.667105402914595,-0.130924258409165,0.514357033263116,0.472212129396837,1.36469216854405,-0.269651535379004
0.166172018267182,0.393129607776437,-0.414844298107292,-0.422950526097343,-0.759499699250225,0.419519468087877,-0.507302253213281,-0.207290713057251,0.515728281645088
-1.3159516813517,-0.484838253369415,0.0160653767891306,-2.00076243296703,0.035389784394406,-1.29890033719459,1.09916016771869,1.8170855427164,1.27354622176312
0.72903707822196,-1.45648501552314,0.479694347280834,-1.41668771743784,-1.11595287927484,-0.778624560571641,0.0736722531900069,0.745064143165594,-1.19130030321129
-0.516633372154874,-2.55247063958326,-1.47881702328677,-0.632109770743213,-1.40820720723613,-0.327666706252768,0.522606289210297,1.08050021280663,1.27635574466205
-0.297887633252576,-1.34920052529418,-1.1062761219294,0.438351566220626,-0.901481122751342,0.282144384748719,0.288719006631682,-0.446391970501566,-0.8410269097465
-0.72408785132903,-1.21939765589457,-1.13340139163638,-0.101853854095429,0.223668934818724,0.829856475052778,0.487077615543166,-0.996544457756534,0.898910712799954
1.3756468542292,0.359924938869553,2.73839946921661,0.828094633732549,0.425289470594189,0.828628313200704,0.352606651616121,-0.381813040461325,0.588710553783831
2.10279123827972,1.04597930399232,0.812002738292056,2.1084136357992,2.05058119427716,1.78065405297495,1.1098042102395,0.204834852276503,0.619596234623391
-0.146304544394548,-0.676172545862994,1.16920958796549,-0.964576924992139,-0.908608637874681,-0.35691553210882,0.675309414589927,0.137127470114017,0.530485854521439
1.56043713323434,0.980773347721742,1.54772709392482,0.809817043197137,-1.27452352586804,-0.63793410830143,-0.111008732768717,0.206309208944332,-0.833604088005809
0.986708238781083,0.98989234434727,0.667394819404924,2.011174038031,0.691355821397858,1.12439765946912,-1.55058490611351,-0.865789509064855,-1.11919626743318
-0.595689380681874,-1.35888413587376,-0.465034314914739,0.275779705791551,-0.631779238807616,-1.09271648236927,0.582325967431883,1.1839921450506,1.33447679451878
-0.654522100208216,0.526320394685268,-0.470071010416975,-0.716936067367299,-0.47843737248821,-1.3275379561479,1.19810687488735,2.45227181367888,1.55283515797731
-1.39516470367662,-2.56900542659731,-0.417277803931776,-1.07374380755603,-1.21029026937568,0.44080190357577,-0.964198466697882,-1.02241164885681,-0.95299819407924
-0.77300557693063,-1.59127954842263,-2.29607027272734,-0.560898249770781,0.0752849095205968,-0.421592054216437,-1.04872603891381,0.195833064736819,0.0224763479851696
1.11970523364713,1.07424516363074,-0.555947218863819,-2.06965585644714,0.12843024904493,-1.64424671085006,1.87771691351901,0.979767063161912,0.00189051724999523
-2.32664049376445,-1.27458456104113,-1.6559607996793,-0.628038008085136,-0.604822022454479,-0.808863806529779,-0.643010690096819,1.21996142656131,0.326773539644358
1.17446550431486,1.64955502795111,-1.12016337874441,-0.736423872464924,-1.09756279694524,-1.05529787226091,2.92893882794021,0.989046464761652,1.16745280238265
0.0559651606033857,0.478620384491368,-0.562629644419836,0.106714388736319,-0.647419593664025,0.838415753158101,-0.631369065760965,0.0453321006927155,0.0294544740737442
-1.06992914068748,0.00165732088643811,-1.27240383874763,-1.33159587240581,-0.0876622743295338,-1.68158973591311,0.689673350181352,1.33570239470537,1.037770009306
0.618529333150371,-0.142547198920507,0.422039491547436,1.61721664331945,2.1106292234621,-0.232627309144625,-2.76128634564544,-1.4069341284196,-2.90394279442959
1.9295766470952,0.500261471423887,0.511136920995458,1.08408946351839,0.388124016710745,-0.503092957582773,0.146748880102587,-0.0886536800800511,-1.0821326625361
-0.0868421323355983,-1.61932954908216,-2.07883869835028,-0.400094963390267,0.358822012401011,-0.137781830084119,0.239472918282519,-0.0785475821511901,0.559991790526341
-1.31275191694955,-0.953976352313858,-0.30901078210632,1.14341101050722,0.356057494331152,0.686091613183516,0.487935577648297,0.0925580072102921,1.06169084291291
-1.71147887807353,-0.959407776373754,-1.06620822192121,-1.48137438433264,0.0494609735060765,-0.899722478213984,1.46935414290781,2.19617221402523,2.50724217097594
-1.55407694771386,-0.0590965591383097,-0.474825473779673,-1.55102916792214,-0.0186159106670439,-0.0330782287561325,1.08392121547008,-0.405539346003147,0.528799466433689
-0.537304315695428,-0.0370280963802261,1.35621694239632,1.7400920594294,0.928530819379456,1.16443399025201,-0.634137760430561,-1.41881064674969,0.571068784589771
-1.19828206544585,1.1882485177174,0.933184413747737,-0.106737801269411,0.806641083413431,0.897649312186115,-0.0950691555178779,0.0590620055879119,0.125567712462708
0.0875335255954162,-0.750089120203186,-0.831273676570269,-1.79510960032431,-1.38776571409902,-1.75367038365891,-1.358748929015,-1.74339211283887,-1.25420104907634
0.28691810224055,0.913040721962974,0.480326074641745,-0.424524847745162,-0.110953202555204,0.583925733390348,0.385335930628021,0.356162546966327,0.00435295955486503
-1.58862090811545,0.0362929836321683,-0.677885063248312,0.261866952355458,0.107088660137675,-1.40448032811337,-0.405582627741462,-0.901540548855785,1.04328286365888
-0.26735334541035,0.581533939862577,-0.539454751208089,-0.126847991480951,0.0607245054129679,0.82936523343764,-0.605090069727714,0.0318533946677303,-0.15812203862435
-0.519651561282976,0.62829255823337,-0.975254934579194,1.68039142238153,1.61676852802913,0.91613762793421,-0.371081168479064,1.84731766946052,1.51827636876857
0.42931697936392,-0.0932456899333689,-0.851833715697275,-0.280835690316588,-1.08024285671681,-0.261357791511623,-0.168459112282305,0.314973965832495,0.0417325054484414
-1.72984882971367,-0.17210485053024,-0.616815355233783,-0.393818278905562,-1.67675653899054,0.317132085733107,1.24130334376832,0.868377451796591,0.973653010105345
-0.750536920061463,-0.161083665015908,0.631787289673073,0.69312153714179,0.233682235431588,0.221554520343199,0.0547944872716547,-0.014944327246891,-0.278267501921026
0.221343498247075,-0.575820354918724,-0.327302459749741,-1.04199660429555,0.708332071125079,2.02548379374103,0.186769422272668,-0.522843015238147,0.584337931080245
-0.121264879706026,-0.856348507795694,0.291933535427718,-0.378743163575584,-0.706685758545358,-0.256914158315421,-0.671810809910121,-0.694793105254425,-1.01277483210201
-1.31516297006424,-0.684951491753841,-0.245799850247344,-0.246711575310368,-0.645345050855459,-0.791663072136873,2.50642888014051,1.93670210633891,1.9160485521496
0.577702031948053,-1.31475894354848,-1.88947905820718,-2.31990334746823,-1.05137035807785,-0.341792599901928,0.801816361365061,1.74364682256281,1.23335902267245
-1.47601375272152,-1.2536438375789,-1.94666061802081,-0.423385252491668,0.646180142803478,0.686472351143708,-0.802589324888215,0.772162785380011,0.334591301642477
1.14919216680368,-1.12576724550321,-0.326829922690353,1.44504775890094,-1.61517196116342,-1.51240417267515,-0.499823968848291,-1.47375567540692,-2.10500543837377
-1.14918208334576,0.175928641570911,0.351376182227758,1.03010445821407,0.116349117484337,-1.1916528115689,-1.36171403185064,-1.1249973848528,-0.845601250274151
0.888926906609442,3.03600739151318,2.4385359235962,2.38464105679374,1.94148499051793,1.40020721284011,-1.11781320665669,0.808826145460774,0.288295451458336
0.143273548846628,1.22221287359194,0.264820855193508,-0.423018984084262,-0.496590558498293,0.0478803485791267,0.103344947551317,-1.58506634848884,0.357400990431829
0.558124470305895,1.01457134813453,0.483959972558033,1.11524800874677,-0.0371286731775176,-0.163859362480449,-0.0397103172865164,1.35961156376642,0.27419747327206
0.887824734181672,0.638855349080007,1.34678869329516,0.21457504803417,0.052301815971648,-0.522548570115822,0.76424714579617,0.596544227404608,0.0981800584152647
0.105664653880581,-0.390139373116373,0.551241346781297,-0.541556034153196,-0.101878291533632,0.818918217381786,-1.33905399940371,-0.76036511877354,-1.1278392033047
0.994719721507073,1.42355425743345,0.909256099370577,1.38291198927836,-0.454428117155218,1.04831049860311,-1.33949053119304,-0.972169618068048,-1.94287825186763
-0.614558796428264,-0.923634014843899,-0.676645517080907,-1.06282021092505,-1.59898134219795,-0.358810457009406,0.0396769581600885,0.914406293280407,-0.0811212930451866
0.240584653706127,1.29989476630693,1.32134056675816,0.426778290714845,0.50404113672133,1.98764045980343,0.163984818394365,-0.912517946020353,-0.535274272696752
-0.30660701064908,-0.289940275072329,0.00681272633221863,0.0276157162878916,-1.56408381773129,-0.344295658533029,0.219207151159525,0.288083639952112,0.103574794680123
-0.615715723133077,-0.203080110851284,-0.404834438639254,-0.275077975381757,-0.555871691859161,1.26215317178184,0.314821284256174,1.14022626792603,1.09866561450421
-2.56688887354701,-1.12884521640765,-0.573851013749986,0.0306651478407675,-0.994821716159998,-0.0978058990789062,-0.189688394751357,-1.78492664702613,-0.643621078387227
-0.208173601088503,-1.41806487767238,-1.00055888067386,-0.486282795916266,-0.78594302263783,-0.0985981575693016,1.40261224859321,0.116509833121812,0.17836805565794
2.12929386394086,0.216274079665594,0.838443339565053,1.07993040655494,1.43207024825807,-0.250512031150872,0.221784470244944,-0.569850049910109,1.84273236439186
0.964757889034496,1.05741528166824,-0.556678111771499,-0.180586918184687,0.239047496027428,-1.17845614496372,-1.30594119974056,-1.21345889296015,-0.249279637772574
-0.845290825190927,-1.35635408689841,0.40959056214001,-1.07404491111259,-0.331060631777556,-0.542311409432088,0.324546968622232,-0.759163329366032,-1.10027520747615
-0.512691911875541,0.369305203598758,-0.592021620691715,-0.325033527420131,-0.504999145065532,-1.00988522629242,1.18739878495911,1.14797593515394,1.28260624485241
0.212391809094573,1.04167553541273,-0.873740720390914,-0.268152151740302,0.488279705657323,-0.609025347152515,1.98321591962883,-0.01702887465392,0.386768601288077
-0.772766026212809,-1.78015675655236,0.177596913153632,-0.594355227243154,-0.117033136788138,1.19181241151619,-0.251406225819331,0.480419794509545,-0.488586500218119
-0.797088375929405,-0.591525043829922,-0.693847847937475,-1.03359462406353,0.408583799322853,0.211252103760667,0.0877643536197249,-0.38819241696112,0.410490073024473
1.06173807654293,-0.446983995616494,0.620872023896738,0.0538789290410397,0.725840094099782,-0.118807735736248,-1.10076906228765,-1.49888311537975,0.0202533589933392
0.634921995372946,0.28468314093411,0.042632524117923,0.900125499557207,0.731022064090031,0.591927701044446,0.599250812872183,-0.265893322086032,0.027369315925169
0.761056793610545,-0.720262090752903,-0.203588943095635,-1.93301828203596,-0.493949359935385,-0.975564215143392,-0.148514494247906,-0.58914897162183,0.118074046035078
-0.621825218557392,-0.925662583561554,-1.29808734021161,-0.700500240002965,0.308817792346583,0.827022485490774,-0.97608361569337,-0.698634628931588,0.181633241061093
-0.621442215918918,0.723831523688967,-0.668639973160682,-1.11773846163841,0.173812994227419,-1.07468033596174,-1.32253828455408,0.146775772324034,0.473709070456997
-1.93361669108218,-0.388229795953533,-1.8621518964719,1.30570074049455,-0.192857441692131,0.160608904207891,0.00293361354260735,-0.384294299660885,-0.00908008343779282
1.71569306225997,1.5547955138198,0.245748887922877,0.644280007582525,-0.0618480108487925,0.296828182350218,-0.630577837644599,-1.28060415443575,0.692916864624703
-0.939315567971188,-0.881670988296631,-1.35541319235149,0.890552967649647,0.252984719894707,0.114002910032747,-0.00983909126976629,-0.550050264115608,1.90485563049563
0.0164198138222958,0.353049669100373,0.781699904115203,-1.01299658773071,-0.773337280597148,0.465462063418506,-1.98636513422859,-0.53961900779093,1.10816186948693
-0.718363817214223,-1.22472998545506,0.00887217351492298,0.453191727085607,0.375202942218724,-0.202978211612834,-1.63004108365704,-1.50179656794379,-0.36270730306263
0.00275482597770024,-2.39484366085883,-1.19975845840259,-1.54651574968789,-0.42449883190808,-1.83093097014208,1.25844605908029,0.0326299831614575,0.0584217414478017
2.4601584790706,1.46606230560966,2.00359305402776,1.88126744465397,1.60075492066984,1.45662666203881,-0.45803621984137,-2.41898999639901,-0.666060847809259
0.157342610629425,0.107218768511578,-0.39527312573486,-0.243487800160094,-0.766704852519515,-0.849648415941392,-0.15512706926918,1.15153662685813,-0.423152058631985
0.255111526943736,1.7879007196661,0.148261865816856,1.4629377245016,0.156652749591543,2.09768042581263,0.820058698363129,0.34284813361912,0.420712497292862
0.725189980414964,1.1876856691414,3.16750837518927,0.806958022619172,1.21686779626819,1.90679229028355,-1.4081892236358,-0.828546793254796,-0.895727750787063
0.379287246552512,0.280458605250039,1.65541217130439,1.78671016102919,2.0971116582632,1.11651833521447,0.808135127928405,0.551334304202736,-0.749559313181599
-0.0792902815018375,1.45906167587072,0.586234662706611,1.10577786335554,1.05185336424454,1.3044078177965,-0.0512730641829859,0.708553192066116,-0.109813934867986
-0.668714007650732,0.050668080831503,-0.279774036509646,-1.47129429762786,-2.01636313363857,-1.05939626747199,0.725757944032677,0.106832685738722,1.83534978401966
-0.297150321860136,-0.48929011345889,-0.373325588334094,-0.0488759489902187,0.152114894299101,0.0433821414017785,0.814042779845559,-0.620025210561528,0.758374663999272
-1.09158580060324,-1.77141733907597,-0.293530416184191,0.53605008301179,-0.269523193878318,0.383136847043004,0.094779945689774,-1.05468220438236,-0.206512658068322
-0.456637194156753,0.984244121586878,-0.458969496214436,-0.00066663664151545,-1.26652655920572,-0.805352281576791,0.293895490193752,-0.268419373786065,-0.900515017081084
-0.0282051480719296,0.79080451398764,-0.446648493541726,-0.853489904142513,0.176330990778451,0.379396365377725,-0.359712376208979,-0.312445600078393,0.299248906524932
-0.838436733734677,-1.88452789854415,-0.80071811487264,-1.84409429703829,-0.505258724687979,-0.522165027053619,0.743899954951422,-0.42784066248964,0.229541612589262
0.354065028500277,0.799000612002923,0.99880489202759,-0.583107739871022,0.544881108283477,0.460082099559071,-0.293243889830913,-0.593128061766449,0.394320446699961
1.17577257951541,0.201350916513015,0.607714941293369,-0.530807566677143,0.198321370172499,0.0683188532996933,0.0576698327697335,-0.385551584250227,-0.0666654333539283
0.37254055216407,0.22014246190419,0.229390337298798,0.56680854510972,1.05051934779985,-0.104096249835612,-1.68853076618094,-0.322835321186922,1.15212819179113
-0.675438354938074,-0.771053206750483,-1.27477024085244,-1.04034304331707,-1.0515863076617,-0.317081511861253,1.66900173817799,0.951788065873175,-0.269810481993314
0.830427356007893,-0.32759224588681,-1.0982974672303,0.242006536245649,0.443864675811141,-0.249975011446008,-0.0231210694671789,-0.142296908219774,0.445997764043722
1.17997379077573,0.287820834794857,1.29186796086697,-0.495278373656504,0.829042340545697,0.654488812154435,-1.48291204661036,-0.923799075743609,-3.00472851187655
-1.75822949896824,-0.63475348988197,-1.11906369559334,-0.298975517566602,-1.61355791983082,-0.465461081445645,1.09576570863412,0.763494394836618,0.620510394603852
1.25743882854397,-0.194280011066398,0.724836055044469,-0.650520920932142,-0.081601863749276,-0.611799320429792,0.928575070657859,1.33062286816123,-0.109633412230771
-0.52674005821263,-0.525669760407736,-1.16709847313289,0.622700420282571,0.035921126388528,0.6025473734183,0.105330908679763,1.71890415583957,0.525913702504084
-1.12480991976367,-0.176192164553735,-1.44021285086799,-0.562616537499818,-0.19370059413103,-0.0298271236622982,1.58032535427191,1.21333983161957,-0.951450590616314
-0.259434490645535,-0.309896456115273,1.15226933479978,-0.641078890557287,0.0350011409311682,-0.520935351967948,1.97385381941468,1.83124989604976,1.27423059033329
-0.12960213683756,-0.09459969298009,1.28038585497607,0.108903721008091,0.309718634465668,0.133332160239496,0.0402984987597328,-0.942031958628619,0.689142657520835
-1.10370788073796,-0.319306366109415,-1.52788431982069,-1.11430652245716,-1.37035621263564,-0.146464100531277,0.693915066471484,1.33348726529819,3.13384123839404
0.681315698156304,1.04958308487583,-0.00695669089934992,0.617694013212045,1.95592227228137,-0.218390918416547,-0.549479280309628,-0.517571355479339,-0.250613091923995
1.02252656340763,-0.361467789290537,0.91111162748256,-0.146712237420431,-0.763796536825462,-0.467113486264279,-0.821106212524305,-0.0273604787746872,-0.395761535600537
1.05011914985076,0.216148445338464,0.38242870896728,-0.473072071440672,0.12704732102457,-0.644599619464542,0.568132135310779,1.46604458485699,2.86978122404352
-0.659039495806121,0.57343362757871,-1.51593219400143,-0.380684716434315,0.794894930246226,-1.66500046421022,0.305429942147477,0.33423400095042,0.924343391007369
0.148356974548353,-0.330908283683679,0.251505983276219,1.34013330411126,0.455472772124055,0.738374196514141,-0.308718580614556,0.629903831286631,0.521015674990428
-2.2199176773402,-0.0508104369612807,-0.658107738247493,0.778119875501355,1.38821286200421,2.2756386997179,-0.748550477325618,-1.22581866300868,0.0620714914430907
-0.73471268697019,-0.31463784226784,-0.230127707718996,0.551759363394768,-0.787521059251554,0.166072329807282,0.25182011720884,-0.595076533895948,-0.268195736304301
0.00631855272396376,2.68015935267606,2.15521707737485,1.96475023656886,1.59340096353986,-0.247640596035642,-2.17110362711458,-1.87837401423342,-0.718024063451752
2.02640014291454,1.50386440779193,1.92013298592018,0.743425598173258,1.22202715537329,1.45126877917736,-0.348894738986669,-0.124443035959629,1.06249440950646
-0.391843115216491,-1.07215682729015,-1.08076011885865,-2.71694364775759,-2.17288483331906,-3.99965938838378,0.742522153667597,0.241699315377188,1.45651448585294
-1.19568593972598,0.237412230524896,-1.3142787025151,-0.635953378725234,-0.697013188587642,-0.337518057189079,-0.193484662340905,-0.320687657390157,0.1600619203586
1.07970498232201,0.6433217066058,0.703184634974419,-0.370021829831902,0.537749730490338,0.990152121203641,1.61707285251295,0.604002227054812,1.22272072323793
-0.393825056850411,-0.838397555840436,-0.622126509095646,1.03771869704848,-1.38476508453165,-1.29649089596744,0.120439546659572,-0.424995180086497,0.718381992289498
-0.190024437758561,0.777678676259852,-0.837034181762009,-1.39550470839013,-1.46500188688099,-1.35474644319444,-0.364890032508726,-0.829864719062514,-0.707455701172946
0.314588850262666,-0.641885255784308,0.0409994993701801,0.252278811473803,0.279487212233255,0.622278756429163,0.12482029128306,-0.227884173929947,1.27531883098509
-1.25877818999975,1.96714408780041,-0.990069363858488,1.76306422637039,0.300764543727106,-0.0901884876866027,0.568977969082386,-1.26776167138469,-0.283008366060344
-0.0443602646521826,-0.376338507093519,-0.432057792528797,-0.512858152209213,-0.353587314537105,0.619963167865626,-1.23180969316751,-0.642860487051658,-0.248721735211323
-1.66164300654083,-1.98359839549644,-1.59676353435713,-1.09284052649856,-2.24283316947704,-0.548505668327973,-1.01978238653942,-0.0661510365059625,-1.30377663603438
0.348426372667366,0.383615118678489,-0.271894334454696,2.46519235342586,1.04979574756276,0.25464197188043,-0.97799568418018,-1.11956975934608,-1.9287560807787
0.897452667578982,1.65057251150255,0.0813793579507003,1.09608356161097,0.274679010916894,0.0507062521039278,-0.23358466656792,0.476756148247401,0.495784596416443
-0.25297825483859,-0.379961911216961,0.432017354495878,-0.91199533554274,-0.992211234175572,0.59298248407855,-0.951534134075374,0.85512117993836,-0.827551345300111
-0.440202505235808,-1.95808983396486,-1.78503499000275,-0.86569205198039,0.337219958240718,0.624594756274474,0.451594086567777,-0.488129716817787,0.327274167069051
-1.06956524905874,0.480386034661218,0.514737047385006,-0.817326552512476,-1.4051649897783,-1.16232640382995,-0.351715898642456,1.34358389278745,-0.22362277584008
-0.575979164438396,0.474482317495126,1.86606790770728,0.237015335677512,1.21488383436258,1.77862392820503,-0.364080625442311,0.256452088875569,-0.37872097989227
-0.00243483066660516,-0.808832886159592,-0.144122112554333,-0.654320850035717,-0.147861492220076,0.754220356901704,1.38793227675204,-0.734885786536939,0.717575112665139
0.590681431375614,0.296084519169143,-0.182619458628997,0.419223216585711,-0.358879884658059,0.102322564425819,-1.5896446840574,-1.02980719040226,-1.77382620497955
-0.528768778354047,0.279254459262129,-0.0783722355875298,-1.38472878120299,-0.957280304732533,-0.987706951215399,0.574731057210799,0.29639889163456,0.30203401279313
0.500786484636126,-1.42560468748511,0.655683262729374,1.1672207787963,1.56051509938079,0.0848014355956651,-0.116987964155606,-0.679113182763951,1.25223272674661
0.697141836120737,-0.100063173964732,1.69667220844706,-0.260087346036657,0.987799808290322,-0.713037689859915,-0.141775892713948,-1.00714173236182,-0.965258429039437
-1.06753792285563,-1.46795560615623,-1.15056036799899,-3.34613761353153,-0.807078388421127,-0.322722447129022,0.541579192915539,-0.341462008866809,0.600204942100086
1.71821254057804,0.137345592830006,-0.033152309431974,-0.128530541591185,0.335224936787439,0.306556435500191,-1.28187576840382,-2.08262998994378,-1.17953961379821
-1.65495897642288,-1.00802297792564,-0.331777446556294,-0.0992417517134461,-0.025430496999569,0.32861699975881,0.688179102136705,0.803403061018807,-0.0699908747409506
-0.433744847874256,0.545341882697786,-0.152159994197755,0.727038139444037,0.422040461667991,1.47359895880854,-0.84384646150066,-0.958826208141117,-0.647924095445507
0.407667513900677,0.173947850168512,0.107432129914686,1.64260526607696,0.795623012770813,1.50188998625255,-0.0179364613974202,-0.421850228172064,-0.53408771790607
1.33808475133938,1.78211710976439,-0.602239345104002,-0.706632214082981,1.39033045458657,1.14064181710577,-0.236082708977352,-0.0759656727053983,-0.233633959844578
1.20885702849536,1.4436269821218,0.666696619278135,1.29847876440062,1.16074642918643,1.998641903951,0.871316645158303,1.25285100315737,1.3225026776919
-1.10964751649155,-1.91973612279513,0.00903027033050263,0.656050075222017,0.0346822840767547,-0.465744011641306,0.921164121073808,1.18860385464029,1.13099518034229
0.437767685960367,-0.310942325614855,-0.223062879330947,-0.859398166477718,0.39276969626561,0.328316427673437,1.0194474374354,0.419179928620623,-0.567201534585042
0.445409764600882,-0.0149902650462786,0.37407462310877,0.815088766891391,0.626610940602417,0.404215716046829,0.248708069084368,-0.258267493851552,-1.87574453610001
-0.0971658856219097,1.08039248485209,0.217672881605351,-0.274248705684794,0.386593711765103,1.01709415407739,1.27228074859999,0.25664916786268,0.776837435897733
0.279407053524736,0.203242470226523,0.257978944733208,-0.527026850235602,-1.18736925510034,-1.44185637201944,0.295330487955906,0.502276190701546,0.970365145946529
3.09599731425274,2.18131256639254,2.89654157179063,0.495149145441442,1.39066080103119,1.66763901293945,1.16549077514175,0.957246209540176,1.26544347800745
1.81073281088156,1.80784569010768,1.39322778157347,1.00005935044956,-0.298462906155315,0.314607007663258,1.33425820053065,1.20517280591039,0.167329404607927
-1.1389291768971,-1.57887031528703,-1.1193781687312,-0.758938104413686,-1.44538434515579,-0.728539705069229,0.210854787069032,0.604803026856754,0.411597479543688
